INSERT INTO sun (dt,sunrise,sunset) values('2025-01-01','7:22:51','17:01:45
INSERT INTO sun (dt,sunrise,sunset) values('2025-01-02','7:22:58','17:02:34
INSERT INTO sun (dt,sunrise,sunset) values('2025-01-03','7:23:02','17:03:24
INSERT INTO sun (dt,sunrise,sunset) values('2025-01-04','7:23:05','17:04:15
INSERT INTO sun (dt,sunrise,sunset) values('2025-01-05','7:23:05','17:05:08
INSERT INTO sun (dt,sunrise,sunset) values('2025-01-06','7:23:04','17:06:02
INSERT INTO sun (dt,sunrise,sunset) values('2025-01-07','7:23:00','17:06:56
INSERT INTO sun (dt,sunrise,sunset) values('2025-01-08','7:22:55','17:07:52
INSERT INTO sun (dt,sunrise,sunset) values('2025-01-09','7:22:47','17:08:49
INSERT INTO sun (dt,sunrise,sunset) values('2025-01-10','7:22:37','17:09:47
INSERT INTO sun (dt,sunrise,sunset) values('2025-01-11','7:22:26','17:10:45
INSERT INTO sun (dt,sunrise,sunset) values('2025-01-12','7:22:12','17:11:45
INSERT INTO sun (dt,sunrise,sunset) values('2025-01-13','7:21:56','17:12:45
INSERT INTO sun (dt,sunrise,sunset) values('2025-01-14','7:21:38','17:13:46
INSERT INTO sun (dt,sunrise,sunset) values('2025-01-15','7:21:19','17:14:47
INSERT INTO sun (dt,sunrise,sunset) values('2025-01-16','7:20:57','17:15:50
INSERT INTO sun (dt,sunrise,sunset) values('2025-01-17','7:20:33','17:16:52
INSERT INTO sun (dt,sunrise,sunset) values('2025-01-18','7:20:08','17:17:56
INSERT INTO sun (dt,sunrise,sunset) values('2025-01-19','7:19:40','17:18:59
INSERT INTO sun (dt,sunrise,sunset) values('2025-01-20','7:19:10','17:20:04
INSERT INTO sun (dt,sunrise,sunset) values('2025-01-21','7:18:39','17:21:08
INSERT INTO sun (dt,sunrise,sunset) values('2025-01-22','7:18:06','17:22:13
INSERT INTO sun (dt,sunrise,sunset) values('2025-01-23','7:17:30','17:23:18
INSERT INTO sun (dt,sunrise,sunset) values('2025-01-24','7:16:53','17:24:24
INSERT INTO sun (dt,sunrise,sunset) values('2025-01-25','7:16:15','17:25:30
INSERT INTO sun (dt,sunrise,sunset) values('2025-01-26','7:15:34','17:26:35
INSERT INTO sun (dt,sunrise,sunset) values('2025-01-27','7:14:52','17:27:41
INSERT INTO sun (dt,sunrise,sunset) values('2025-01-28','7:14:08','17:28:48
INSERT INTO sun (dt,sunrise,sunset) values('2025-01-29','7:13:22','17:29:54
INSERT INTO sun (dt,sunrise,sunset) values('2025-01-30','7:12:34','17:31:00
INSERT INTO sun (dt,sunrise,sunset) values('2025-01-31','7:11:45','17:32:06
INSERT INTO sun (dt,sunrise,sunset) values('2025-02-01','7:10:54','17:33:13
INSERT INTO sun (dt,sunrise,sunset) values('2025-02-02','7:10:02','17:34:19
INSERT INTO sun (dt,sunrise,sunset) values('2025-02-03','7:09:08','17:35:25
INSERT INTO sun (dt,sunrise,sunset) values('2025-02-04','7:08:13','17:36:31
INSERT INTO sun (dt,sunrise,sunset) values('2025-02-05','7:07:16','17:37:37
INSERT INTO sun (dt,sunrise,sunset) values('2025-02-06','7:06:17','17:38:42
INSERT INTO sun (dt,sunrise,sunset) values('2025-02-07','7:05:18','17:39:48
INSERT INTO sun (dt,sunrise,sunset) values('2025-02-08','7:04:16','17:40:53
INSERT INTO sun (dt,sunrise,sunset) values('2025-02-09','7:03:14','17:41:58
INSERT INTO sun (dt,sunrise,sunset) values('2025-02-10','7:02:10','17:43:03
INSERT INTO sun (dt,sunrise,sunset) values('2025-02-11','7:01:05','17:44:08
INSERT INTO sun (dt,sunrise,sunset) values('2025-02-12','6:59:58','17:45:12
INSERT INTO sun (dt,sunrise,sunset) values('2025-02-13','6:58:50','17:46:16
INSERT INTO sun (dt,sunrise,sunset) values('2025-02-14','6:57:41','17:47:20
INSERT INTO sun (dt,sunrise,sunset) values('2025-02-15','6:56:31','17:48:24
INSERT INTO sun (dt,sunrise,sunset) values('2025-02-16','6:55:20','17:49:27
INSERT INTO sun (dt,sunrise,sunset) values('2025-02-17','6:54:08','17:50:30
INSERT INTO sun (dt,sunrise,sunset) values('2025-02-18','6:52:54','17:51:33
INSERT INTO sun (dt,sunrise,sunset) values('2025-02-19','6:51:40','17:52:35
INSERT INTO sun (dt,sunrise,sunset) values('2025-02-20','6:50:24','17:53:37
INSERT INTO sun (dt,sunrise,sunset) values('2025-02-21','6:49:08','17:54:39
INSERT INTO sun (dt,sunrise,sunset) values('2025-02-22','6:47:50','17:55:40
INSERT INTO sun (dt,sunrise,sunset) values('2025-02-23','6:46:32','17:56:41
INSERT INTO sun (dt,sunrise,sunset) values('2025-02-24','6:45:13','17:57:42
INSERT INTO sun (dt,sunrise,sunset) values('2025-02-25','6:43:53','17:58:42
INSERT INTO sun (dt,sunrise,sunset) values('2025-02-26','6:42:32','17:59:42
INSERT INTO sun (dt,sunrise,sunset) values('2025-02-27','6:41:11','18:00:42
INSERT INTO sun (dt,sunrise,sunset) values('2025-02-28','6:39:48','18:01:41
INSERT INTO sun (dt,sunrise,sunset) values('2025-03-01','6:38:25','18:02:40
INSERT INTO sun (dt,sunrise,sunset) values('2025-03-02','6:37:02','18:03:39
INSERT INTO sun (dt,sunrise,sunset) values('2025-03-03','6:35:37','18:04:37
INSERT INTO sun (dt,sunrise,sunset) values('2025-03-04','6:34:12','18:05:36
INSERT INTO sun (dt,sunrise,sunset) values('2025-03-05','6:32:47','18:06:33
INSERT INTO sun (dt,sunrise,sunset) values('2025-03-06','6:31:21','18:07:31
INSERT INTO sun (dt,sunrise,sunset) values('2025-03-07','6:29:55','18:08:28
INSERT INTO sun (dt,sunrise,sunset) values('2025-03-08','6:28:28','18:09:25
INSERT INTO sun (dt,sunrise,sunset) values('2025-03-09','6:27:00','18:10:22
INSERT INTO sun (dt,sunrise,sunset) values('2025-03-10','6:25:32','18:11:19
INSERT INTO sun (dt,sunrise,sunset) values('2025-03-11','6:24:04','18:12:15
INSERT INTO sun (dt,sunrise,sunset) values('2025-03-12','6:22:35','18:13:11
INSERT INTO sun (dt,sunrise,sunset) values('2025-03-13','6:21:07','18:14:07
INSERT INTO sun (dt,sunrise,sunset) values('2025-03-14','6:19:37','18:15:03
INSERT INTO sun (dt,sunrise,sunset) values('2025-03-15','6:18:08','18:15:58
INSERT INTO sun (dt,sunrise,sunset) values('2025-03-16','6:16:38','18:16:54
INSERT INTO sun (dt,sunrise,sunset) values('2025-03-17','6:15:08','18:17:49
INSERT INTO sun (dt,sunrise,sunset) values('2025-03-18','6:13:38','18:18:44
INSERT INTO sun (dt,sunrise,sunset) values('2025-03-19','6:12:08','18:19:39
INSERT INTO sun (dt,sunrise,sunset) values('2025-03-20','6:10:38','18:20:33
INSERT INTO sun (dt,sunrise,sunset) values('2025-03-21','6:09:08','18:21:28
INSERT INTO sun (dt,sunrise,sunset) values('2025-03-22','6:07:37','18:22:22
INSERT INTO sun (dt,sunrise,sunset) values('2025-03-23','6:06:07','18:23:17
INSERT INTO sun (dt,sunrise,sunset) values('2025-03-24','6:04:36','18:24:11
INSERT INTO sun (dt,sunrise,sunset) values('2025-03-25','6:03:06','18:25:05
INSERT INTO sun (dt,sunrise,sunset) values('2025-03-26','6:01:36','18:25:59
INSERT INTO sun (dt,sunrise,sunset) values('2025-03-27','6:00:06','18:26:53
INSERT INTO sun (dt,sunrise,sunset) values('2025-03-28','5:58:36','18:27:47
INSERT INTO sun (dt,sunrise,sunset) values('2025-03-29','5:57:06','18:28:41
INSERT INTO sun (dt,sunrise,sunset) values('2025-03-30','5:55:36','18:29:35
INSERT INTO sun (dt,sunrise,sunset) values('2025-03-31','5:54:07','18:30:28
INSERT INTO sun (dt,sunrise,sunset) values('2025-04-01','5:52:37','18:31:22
INSERT INTO sun (dt,sunrise,sunset) values('2025-04-02','5:51:08','18:32:16
INSERT INTO sun (dt,sunrise,sunset) values('2025-04-03','5:49:40','18:33:10
INSERT INTO sun (dt,sunrise,sunset) values('2025-04-04','5:48:11','18:34:03
INSERT INTO sun (dt,sunrise,sunset) values('2025-04-05','5:46:44','18:34:57
INSERT INTO sun (dt,sunrise,sunset) values('2025-04-06','5:45:16','18:35:51
INSERT INTO sun (dt,sunrise,sunset) values('2025-04-07','5:43:49','18:36:45
INSERT INTO sun (dt,sunrise,sunset) values('2025-04-08','5:42:22','18:37:39
INSERT INTO sun (dt,sunrise,sunset) values('2025-04-09','5:40:56','18:38:32
INSERT INTO sun (dt,sunrise,sunset) values('2025-04-10','5:39:30','18:39:26
INSERT INTO sun (dt,sunrise,sunset) values('2025-04-11','5:38:05','18:40:20
INSERT INTO sun (dt,sunrise,sunset) values('2025-04-12','5:36:41','18:41:14
INSERT INTO sun (dt,sunrise,sunset) values('2025-04-13','5:35:17','18:42:08
INSERT INTO sun (dt,sunrise,sunset) values('2025-04-14','5:33:54','18:43:02
INSERT INTO sun (dt,sunrise,sunset) values('2025-04-15','5:32:31','18:43:56
INSERT INTO sun (dt,sunrise,sunset) values('2025-04-16','5:31:09','18:44:51
INSERT INTO sun (dt,sunrise,sunset) values('2025-04-17','5:29:48','18:45:45
INSERT INTO sun (dt,sunrise,sunset) values('2025-04-18','5:28:27','18:46:39
INSERT INTO sun (dt,sunrise,sunset) values('2025-04-19','5:27:08','18:47:33
INSERT INTO sun (dt,sunrise,sunset) values('2025-04-20','5:25:49','18:48:27
INSERT INTO sun (dt,sunrise,sunset) values('2025-04-21','5:24:31','18:49:22
INSERT INTO sun (dt,sunrise,sunset) values('2025-04-22','5:23:13','18:50:16
INSERT INTO sun (dt,sunrise,sunset) values('2025-04-23','5:21:57','18:51:10
INSERT INTO sun (dt,sunrise,sunset) values('2025-04-24','5:20:42','18:52:05
INSERT INTO sun (dt,sunrise,sunset) values('2025-04-25','5:19:27','18:52:59
INSERT INTO sun (dt,sunrise,sunset) values('2025-04-26','5:18:14','18:53:54
INSERT INTO sun (dt,sunrise,sunset) values('2025-04-27','5:17:02','18:54:48
INSERT INTO sun (dt,sunrise,sunset) values('2025-04-28','5:15:50','18:55:42
INSERT INTO sun (dt,sunrise,sunset) values('2025-04-29','5:14:40','18:56:37
INSERT INTO sun (dt,sunrise,sunset) values('2025-04-30','5:13:31','18:57:31
INSERT INTO sun (dt,sunrise,sunset) values('2025-05-01','5:12:23','18:58:25
INSERT INTO sun (dt,sunrise,sunset) values('2025-05-02','5:11:16','18:59:19
INSERT INTO sun (dt,sunrise,sunset) values('2025-05-03','5:10:10','19:00:13
INSERT INTO sun (dt,sunrise,sunset) values('2025-05-04','5:09:06','19:01:07
INSERT INTO sun (dt,sunrise,sunset) values('2025-05-05','5:08:02','19:02:01
INSERT INTO sun (dt,sunrise,sunset) values('2025-05-06','5:07:01','19:02:54
INSERT INTO sun (dt,sunrise,sunset) values('2025-05-07','5:06:00','19:03:48
INSERT INTO sun (dt,sunrise,sunset) values('2025-05-08','5:05:01','19:04:41
INSERT INTO sun (dt,sunrise,sunset) values('2025-05-09','5:04:03','19:05:34
INSERT INTO sun (dt,sunrise,sunset) values('2025-05-10','5:03:06','19:06:27
INSERT INTO sun (dt,sunrise,sunset) values('2025-05-11','5:02:11','19:07:20
INSERT INTO sun (dt,sunrise,sunset) values('2025-05-12','5:01:17','19:08:12
INSERT INTO sun (dt,sunrise,sunset) values('2025-05-13','5:00:25','19:09:04
INSERT INTO sun (dt,sunrise,sunset) values('2025-05-14','4:59:34','19:09:55
INSERT INTO sun (dt,sunrise,sunset) values('2025-05-15','4:58:45','19:10:46
INSERT INTO sun (dt,sunrise,sunset) values('2025-05-16','4:57:57','19:11:37
INSERT INTO sun (dt,sunrise,sunset) values('2025-05-17','4:57:11','19:12:28
INSERT INTO sun (dt,sunrise,sunset) values('2025-05-18','4:56:26','19:13:17
INSERT INTO sun (dt,sunrise,sunset) values('2025-05-19','4:55:43','19:14:07
INSERT INTO sun (dt,sunrise,sunset) values('2025-05-20','4:55:02','19:14:56
INSERT INTO sun (dt,sunrise,sunset) values('2025-05-21','4:54:22','19:15:44
INSERT INTO sun (dt,sunrise,sunset) values('2025-05-22','4:53:44','19:16:32
INSERT INTO sun (dt,sunrise,sunset) values('2025-05-23','4:53:08','19:17:19
INSERT INTO sun (dt,sunrise,sunset) values('2025-05-24','4:52:33','19:18:05
INSERT INTO sun (dt,sunrise,sunset) values('2025-05-25','4:52:00','19:18:50
INSERT INTO sun (dt,sunrise,sunset) values('2025-05-26','4:51:28','19:19:35
INSERT INTO sun (dt,sunrise,sunset) values('2025-05-27','4:50:59','19:20:19
INSERT INTO sun (dt,sunrise,sunset) values('2025-05-28','4:50:31','19:21:03
INSERT INTO sun (dt,sunrise,sunset) values('2025-05-29','4:50:05','19:21:45
INSERT INTO sun (dt,sunrise,sunset) values('2025-05-30','4:49:40','19:22:27
INSERT INTO sun (dt,sunrise,sunset) values('2025-05-31','4:49:18','19:23:07
INSERT INTO sun (dt,sunrise,sunset) values('2025-06-01','4:48:57','19:23:47
INSERT INTO sun (dt,sunrise,sunset) values('2025-06-02','4:48:38','19:24:25
INSERT INTO sun (dt,sunrise,sunset) values('2025-06-03','4:48:21','19:25:03
INSERT INTO sun (dt,sunrise,sunset) values('2025-06-04','4:48:05','19:25:39
INSERT INTO sun (dt,sunrise,sunset) values('2025-06-05','4:47:51','19:26:14
INSERT INTO sun (dt,sunrise,sunset) values('2025-06-06','4:47:39','19:26:48
INSERT INTO sun (dt,sunrise,sunset) values('2025-06-07','4:47:29','19:27:21
INSERT INTO sun (dt,sunrise,sunset) values('2025-06-08','4:47:21','19:27:53
INSERT INTO sun (dt,sunrise,sunset) values('2025-06-09','4:47:14','19:28:23
INSERT INTO sun (dt,sunrise,sunset) values('2025-06-10','4:47:10','19:28:52
INSERT INTO sun (dt,sunrise,sunset) values('2025-06-11','4:47:06','19:29:20
INSERT INTO sun (dt,sunrise,sunset) values('2025-06-12','4:47:05','19:29:46
INSERT INTO sun (dt,sunrise,sunset) values('2025-06-13','4:47:05','19:30:11
INSERT INTO sun (dt,sunrise,sunset) values('2025-06-14','4:47:08','19:30:34
INSERT INTO sun (dt,sunrise,sunset) values('2025-06-15','4:47:11','19:30:56
INSERT INTO sun (dt,sunrise,sunset) values('2025-06-16','4:47:17','19:31:16
INSERT INTO sun (dt,sunrise,sunset) values('2025-06-17','4:47:24','19:31:35
INSERT INTO sun (dt,sunrise,sunset) values('2025-06-18','4:47:33','19:31:53
INSERT INTO sun (dt,sunrise,sunset) values('2025-06-19','4:47:43','19:32:08
INSERT INTO sun (dt,sunrise,sunset) values('2025-06-20','4:47:56','19:32:22
INSERT INTO sun (dt,sunrise,sunset) values('2025-06-21','4:48:09','19:32:35
INSERT INTO sun (dt,sunrise,sunset) values('2025-06-22','4:48:24','19:32:45
INSERT INTO sun (dt,sunrise,sunset) values('2025-06-23','4:48:41','19:32:54
INSERT INTO sun (dt,sunrise,sunset) values('2025-06-24','4:49:00','19:33:02
INSERT INTO sun (dt,sunrise,sunset) values('2025-06-25','4:49:19','19:33:07
INSERT INTO sun (dt,sunrise,sunset) values('2025-06-26','4:49:41','19:33:11
INSERT INTO sun (dt,sunrise,sunset) values('2025-06-27','4:50:03','19:33:13
INSERT INTO sun (dt,sunrise,sunset) values('2025-06-28','4:50:27','19:33:14
INSERT INTO sun (dt,sunrise,sunset) values('2025-06-29','4:50:53','19:33:12
INSERT INTO sun (dt,sunrise,sunset) values('2025-06-30','4:51:19','19:33:09
INSERT INTO sun (dt,sunrise,sunset) values('2025-07-01','4:51:47','19:33:04
INSERT INTO sun (dt,sunrise,sunset) values('2025-07-02','4:52:17','19:32:57
INSERT INTO sun (dt,sunrise,sunset) values('2025-07-03','4:52:47','19:32:48
INSERT INTO sun (dt,sunrise,sunset) values('2025-07-04','4:53:19','19:32:38
INSERT INTO sun (dt,sunrise,sunset) values('2025-07-05','4:53:52','19:32:25
INSERT INTO sun (dt,sunrise,sunset) values('2025-07-06','4:54:25','19:32:11
INSERT INTO sun (dt,sunrise,sunset) values('2025-07-07','4:55:00','19:31:55
INSERT INTO sun (dt,sunrise,sunset) values('2025-07-08','4:55:36','19:31:37
INSERT INTO sun (dt,sunrise,sunset) values('2025-07-09','4:56:13','19:31:18
INSERT INTO sun (dt,sunrise,sunset) values('2025-07-10','4:56:51','19:30:56
INSERT INTO sun (dt,sunrise,sunset) values('2025-07-11','4:57:30','19:30:33
INSERT INTO sun (dt,sunrise,sunset) values('2025-07-12','4:58:10','19:30:08
INSERT INTO sun (dt,sunrise,sunset) values('2025-07-13','4:58:50','19:29:41
INSERT INTO sun (dt,sunrise,sunset) values('2025-07-14','4:59:32','19:29:13
INSERT INTO sun (dt,sunrise,sunset) values('2025-07-15','5:00:14','19:28:42
INSERT INTO sun (dt,sunrise,sunset) values('2025-07-16','5:00:57','19:28:10
INSERT INTO sun (dt,sunrise,sunset) values('2025-07-17','5:01:40','19:27:36
INSERT INTO sun (dt,sunrise,sunset) values('2025-07-18','5:02:25','19:27:00
INSERT INTO sun (dt,sunrise,sunset) values('2025-07-19','5:03:09','19:26:23
INSERT INTO sun (dt,sunrise,sunset) values('2025-07-20','5:03:55','19:25:44
INSERT INTO sun (dt,sunrise,sunset) values('2025-07-21','5:04:41','19:25:03
INSERT INTO sun (dt,sunrise,sunset) values('2025-07-22','5:05:27','19:24:21
INSERT INTO sun (dt,sunrise,sunset) values('2025-07-23','5:06:14','19:23:37
INSERT INTO sun (dt,sunrise,sunset) values('2025-07-24','5:07:01','19:22:51
INSERT INTO sun (dt,sunrise,sunset) values('2025-07-25','5:07:49','19:22:04
INSERT INTO sun (dt,sunrise,sunset) values('2025-07-26','5:08:37','19:21:15
INSERT INTO sun (dt,sunrise,sunset) values('2025-07-27','5:09:26','19:20:25
INSERT INTO sun (dt,sunrise,sunset) values('2025-07-28','5:10:15','19:19:33
INSERT INTO sun (dt,sunrise,sunset) values('2025-07-29','5:11:04','19:18:40
INSERT INTO sun (dt,sunrise,sunset) values('2025-07-30','5:11:53','19:17:45
INSERT INTO sun (dt,sunrise,sunset) values('2025-07-31','5:12:43','19:16:48
INSERT INTO sun (dt,sunrise,sunset) values('2025-08-01','5:13:32','19:15:51
INSERT INTO sun (dt,sunrise,sunset) values('2025-08-02','5:14:22','19:14:51
INSERT INTO sun (dt,sunrise,sunset) values('2025-08-03','5:15:13','19:13:51
INSERT INTO sun (dt,sunrise,sunset) values('2025-08-04','5:16:03','19:12:49
INSERT INTO sun (dt,sunrise,sunset) values('2025-08-05','5:16:53','19:11:46
INSERT INTO sun (dt,sunrise,sunset) values('2025-08-06','5:17:44','19:10:41
INSERT INTO sun (dt,sunrise,sunset) values('2025-08-07','5:18:34','19:09:35
INSERT INTO sun (dt,sunrise,sunset) values('2025-08-08','5:19:25','19:08:28
INSERT INTO sun (dt,sunrise,sunset) values('2025-08-09','5:20:16','19:07:20
INSERT INTO sun (dt,sunrise,sunset) values('2025-08-10','5:21:07','19:06:11
INSERT INTO sun (dt,sunrise,sunset) values('2025-08-11','5:21:57','19:05:00
INSERT INTO sun (dt,sunrise,sunset) values('2025-08-12','5:22:48','19:03:49
INSERT INTO sun (dt,sunrise,sunset) values('2025-08-13','5:23:39','19:02:36
INSERT INTO sun (dt,sunrise,sunset) values('2025-08-14','5:24:30','19:01:22
INSERT INTO sun (dt,sunrise,sunset) values('2025-08-15','5:25:21','19:00:07
INSERT INTO sun (dt,sunrise,sunset) values('2025-08-16','5:26:11','18:58:51
INSERT INTO sun (dt,sunrise,sunset) values('2025-08-17','5:27:02','18:57:34
INSERT INTO sun (dt,sunrise,sunset) values('2025-08-18','5:27:53','18:56:17
INSERT INTO sun (dt,sunrise,sunset) values('2025-08-19','5:28:43','18:54:58
INSERT INTO sun (dt,sunrise,sunset) values('2025-08-20','5:29:34','18:53:38
INSERT INTO sun (dt,sunrise,sunset) values('2025-08-21','5:30:24','18:52:18
INSERT INTO sun (dt,sunrise,sunset) values('2025-08-22','5:31:15','18:50:57
INSERT INTO sun (dt,sunrise,sunset) values('2025-08-23','5:32:05','18:49:34
INSERT INTO sun (dt,sunrise,sunset) values('2025-08-24','5:32:55','18:48:12
INSERT INTO sun (dt,sunrise,sunset) values('2025-08-25','5:33:45','18:46:48
INSERT INTO sun (dt,sunrise,sunset) values('2025-08-26','5:34:35','18:45:24
INSERT INTO sun (dt,sunrise,sunset) values('2025-08-27','5:35:25','18:43:59
INSERT INTO sun (dt,sunrise,sunset) values('2025-08-28','5:36:15','18:42:33
INSERT INTO sun (dt,sunrise,sunset) values('2025-08-29','5:37:05','18:41:07
INSERT INTO sun (dt,sunrise,sunset) values('2025-08-30','5:37:55','18:39:40
INSERT INTO sun (dt,sunrise,sunset) values('2025-08-31','5:38:45','18:38:13
INSERT INTO sun (dt,sunrise,sunset) values('2025-09-01','5:39:35','18:36:45
INSERT INTO sun (dt,sunrise,sunset) values('2025-09-02','5:40:24','18:35:16
INSERT INTO sun (dt,sunrise,sunset) values('2025-09-03','5:41:14','18:33:47
INSERT INTO sun (dt,sunrise,sunset) values('2025-09-04','5:42:03','18:32:18
INSERT INTO sun (dt,sunrise,sunset) values('2025-09-05','5:42:53','18:30:48
INSERT INTO sun (dt,sunrise,sunset) values('2025-09-06','5:43:42','18:29:18
INSERT INTO sun (dt,sunrise,sunset) values('2025-09-07','5:44:32','18:27:48
INSERT INTO sun (dt,sunrise,sunset) values('2025-09-08','5:45:21','18:26:17
INSERT INTO sun (dt,sunrise,sunset) values('2025-09-09','5:46:11','18:24:46
INSERT INTO sun (dt,sunrise,sunset) values('2025-09-10','5:47:00','18:23:14
INSERT INTO sun (dt,sunrise,sunset) values('2025-09-11','5:47:50','18:21:43
INSERT INTO sun (dt,sunrise,sunset) values('2025-09-12','5:48:39','18:20:11
INSERT INTO sun (dt,sunrise,sunset) values('2025-09-13','5:49:29','18:18:39
INSERT INTO sun (dt,sunrise,sunset) values('2025-09-14','5:50:18','18:17:06
INSERT INTO sun (dt,sunrise,sunset) values('2025-09-15','5:51:08','18:15:34
INSERT INTO sun (dt,sunrise,sunset) values('2025-09-16','5:51:57','18:14:01
INSERT INTO sun (dt,sunrise,sunset) values('2025-09-17','5:52:47','18:12:29
INSERT INTO sun (dt,sunrise,sunset) values('2025-09-18','5:53:37','18:10:56
INSERT INTO sun (dt,sunrise,sunset) values('2025-09-19','5:54:27','18:09:24
INSERT INTO sun (dt,sunrise,sunset) values('2025-09-20','5:55:17','18:07:51
INSERT INTO sun (dt,sunrise,sunset) values('2025-09-21','5:56:07','18:06:18
INSERT INTO sun (dt,sunrise,sunset) values('2025-09-22','5:56:57','18:04:46
INSERT INTO sun (dt,sunrise,sunset) values('2025-09-23','5:57:47','18:03:14
INSERT INTO sun (dt,sunrise,sunset) values('2025-09-24','5:58:38','18:01:41
INSERT INTO sun (dt,sunrise,sunset) values('2025-09-25','5:59:28','18:00:09
INSERT INTO sun (dt,sunrise,sunset) values('2025-09-26','6:00:19','17:58:37
INSERT INTO sun (dt,sunrise,sunset) values('2025-09-27','6:01:10','17:57:05
INSERT INTO sun (dt,sunrise,sunset) values('2025-09-28','6:02:01','17:55:34
INSERT INTO sun (dt,sunrise,sunset) values('2025-09-29','6:02:53','17:54:03
INSERT INTO sun (dt,sunrise,sunset) values('2025-09-30','6:03:44','17:52:32
INSERT INTO sun (dt,sunrise,sunset) values('2025-10-01','6:04:36','17:51:01
INSERT INTO sun (dt,sunrise,sunset) values('2025-10-02','6:05:28','17:49:31
INSERT INTO sun (dt,sunrise,sunset) values('2025-10-03','6:06:21','17:48:01
INSERT INTO sun (dt,sunrise,sunset) values('2025-10-04','6:07:13','17:46:32
INSERT INTO sun (dt,sunrise,sunset) values('2025-10-05','6:08:06','17:45:03
INSERT INTO sun (dt,sunrise,sunset) values('2025-10-06','6:08:59','17:43:34
INSERT INTO sun (dt,sunrise,sunset) values('2025-10-07','6:09:52','17:42:06
INSERT INTO sun (dt,sunrise,sunset) values('2025-10-08','6:10:46','17:40:39
INSERT INTO sun (dt,sunrise,sunset) values('2025-10-09','6:11:40','17:39:12
INSERT INTO sun (dt,sunrise,sunset) values('2025-10-10','6:12:34','17:37:46
INSERT INTO sun (dt,sunrise,sunset) values('2025-10-11','6:13:29','17:36:21
INSERT INTO sun (dt,sunrise,sunset) values('2025-10-12','6:14:24','17:34:56
INSERT INTO sun (dt,sunrise,sunset) values('2025-10-13','6:15:19','17:33:32
INSERT INTO sun (dt,sunrise,sunset) values('2025-10-14','6:16:15','17:32:08
INSERT INTO sun (dt,sunrise,sunset) values('2025-10-15','6:17:11','17:30:46
INSERT INTO sun (dt,sunrise,sunset) values('2025-10-16','6:18:07','17:29:24
INSERT INTO sun (dt,sunrise,sunset) values('2025-10-17','6:19:04','17:28:03
INSERT INTO sun (dt,sunrise,sunset) values('2025-10-18','6:20:01','17:26:43
INSERT INTO sun (dt,sunrise,sunset) values('2025-10-19','6:20:58','17:25:24
INSERT INTO sun (dt,sunrise,sunset) values('2025-10-20','6:21:56','17:24:05
INSERT INTO sun (dt,sunrise,sunset) values('2025-10-21','6:22:54','17:22:48
INSERT INTO sun (dt,sunrise,sunset) values('2025-10-22','6:23:52','17:21:32
INSERT INTO sun (dt,sunrise,sunset) values('2025-10-23','6:24:51','17:20:17
INSERT INTO sun (dt,sunrise,sunset) values('2025-10-24','6:25:50','17:19:03
INSERT INTO sun (dt,sunrise,sunset) values('2025-10-25','6:26:50','17:17:50
INSERT INTO sun (dt,sunrise,sunset) values('2025-10-26','6:27:50','17:16:38
INSERT INTO sun (dt,sunrise,sunset) values('2025-10-27','6:28:50','17:15:27
INSERT INTO sun (dt,sunrise,sunset) values('2025-10-28','6:29:50','17:14:18
INSERT INTO sun (dt,sunrise,sunset) values('2025-10-29','6:30:51','17:13:09
INSERT INTO sun (dt,sunrise,sunset) values('2025-10-30','6:31:52','17:12:03
INSERT INTO sun (dt,sunrise,sunset) values('2025-10-31','6:32:53','17:10:57
INSERT INTO sun (dt,sunrise,sunset) values('2025-11-01','6:33:55','17:09:53
INSERT INTO sun (dt,sunrise,sunset) values('2025-11-02','6:34:57','17:08:50
INSERT INTO sun (dt,sunrise,sunset) values('2025-11-03','6:35:59','17:07:48
INSERT INTO sun (dt,sunrise,sunset) values('2025-11-04','6:37:01','17:06:48
INSERT INTO sun (dt,sunrise,sunset) values('2025-11-05','6:38:04','17:05:50
INSERT INTO sun (dt,sunrise,sunset) values('2025-11-06','6:39:07','17:04:53
INSERT INTO sun (dt,sunrise,sunset) values('2025-11-07','6:40:10','17:03:57
INSERT INTO sun (dt,sunrise,sunset) values('2025-11-08','6:41:13','17:03:04
INSERT INTO sun (dt,sunrise,sunset) values('2025-11-09','6:42:16','17:02:11
INSERT INTO sun (dt,sunrise,sunset) values('2025-11-10','6:43:19','17:01:21
INSERT INTO sun (dt,sunrise,sunset) values('2025-11-11','6:44:22','17:00:32
INSERT INTO sun (dt,sunrise,sunset) values('2025-11-12','6:45:26','16:59:44
INSERT INTO sun (dt,sunrise,sunset) values('2025-11-13','6:46:29','16:58:59
INSERT INTO sun (dt,sunrise,sunset) values('2025-11-14','6:47:32','16:58:15
INSERT INTO sun (dt,sunrise,sunset) values('2025-11-15','6:48:35','16:57:33
INSERT INTO sun (dt,sunrise,sunset) values('2025-11-16','6:49:38','16:56:53
INSERT INTO sun (dt,sunrise,sunset) values('2025-11-17','6:50:41','16:56:14
INSERT INTO sun (dt,sunrise,sunset) values('2025-11-18','6:51:44','16:55:38
INSERT INTO sun (dt,sunrise,sunset) values('2025-11-19','6:52:47','16:55:03
INSERT INTO sun (dt,sunrise,sunset) values('2025-11-20','6:53:49','16:54:30
INSERT INTO sun (dt,sunrise,sunset) values('2025-11-21','6:54:51','16:54:00
INSERT INTO sun (dt,sunrise,sunset) values('2025-11-22','6:55:52','16:53:31
INSERT INTO sun (dt,sunrise,sunset) values('2025-11-23','6:56:53','16:53:04
INSERT INTO sun (dt,sunrise,sunset) values('2025-11-24','6:57:54','16:52:39
INSERT INTO sun (dt,sunrise,sunset) values('2025-11-25','6:58:54','16:52:16
INSERT INTO sun (dt,sunrise,sunset) values('2025-11-26','6:59:54','16:51:55
INSERT INTO sun (dt,sunrise,sunset) values('2025-11-27','7:00:53','16:51:36
INSERT INTO sun (dt,sunrise,sunset) values('2025-11-28','7:01:51','16:51:19
INSERT INTO sun (dt,sunrise,sunset) values('2025-11-29','7:02:49','16:51:04
INSERT INTO sun (dt,sunrise,sunset) values('2025-11-30','7:03:46','16:50:52
INSERT INTO sun (dt,sunrise,sunset) values('2025-12-01','7:04:42','16:50:41
INSERT INTO sun (dt,sunrise,sunset) values('2025-12-02','7:05:38','16:50:32
INSERT INTO sun (dt,sunrise,sunset) values('2025-12-03','7:06:32','16:50:26
INSERT INTO sun (dt,sunrise,sunset) values('2025-12-04','7:07:26','16:50:21
INSERT INTO sun (dt,sunrise,sunset) values('2025-12-05','7:08:18','16:50:19
INSERT INTO sun (dt,sunrise,sunset) values('2025-12-06','7:09:10','16:50:19
INSERT INTO sun (dt,sunrise,sunset) values('2025-12-07','7:10:00','16:50:21
INSERT INTO sun (dt,sunrise,sunset) values('2025-12-08','7:10:49','16:50:24
INSERT INTO sun (dt,sunrise,sunset) values('2025-12-09','7:11:37','16:50:30
INSERT INTO sun (dt,sunrise,sunset) values('2025-12-10','7:12:24','16:50:38
INSERT INTO sun (dt,sunrise,sunset) values('2025-12-11','7:13:09','16:50:48
INSERT INTO sun (dt,sunrise,sunset) values('2025-12-12','7:13:53','16:51:01
INSERT INTO sun (dt,sunrise,sunset) values('2025-12-13','7:14:36','16:51:15
INSERT INTO sun (dt,sunrise,sunset) values('2025-12-14','7:15:17','16:51:31
INSERT INTO sun (dt,sunrise,sunset) values('2025-12-15','7:15:57','16:51:49
INSERT INTO sun (dt,sunrise,sunset) values('2025-12-16','7:16:35','16:52:09
INSERT INTO sun (dt,sunrise,sunset) values('2025-12-17','7:17:12','16:52:31
INSERT INTO sun (dt,sunrise,sunset) values('2025-12-18','7:17:47','16:52:55
INSERT INTO sun (dt,sunrise,sunset) values('2025-12-19','7:18:20','16:53:21
INSERT INTO sun (dt,sunrise,sunset) values('2025-12-20','7:18:52','16:53:48
INSERT INTO sun (dt,sunrise,sunset) values('2025-12-21','7:19:22','16:54:18
INSERT INTO sun (dt,sunrise,sunset) values('2025-12-22','7:19:50','16:54:49
INSERT INTO sun (dt,sunrise,sunset) values('2025-12-23','7:20:16','16:55:22
INSERT INTO sun (dt,sunrise,sunset) values('2025-12-24','7:20:41','16:55:57
INSERT INTO sun (dt,sunrise,sunset) values('2025-12-25','7:21:04','16:56:34
INSERT INTO sun (dt,sunrise,sunset) values('2025-12-26','7:21:25','16:57:12
INSERT INTO sun (dt,sunrise,sunset) values('2025-12-27','7:21:44','16:57:52
INSERT INTO sun (dt,sunrise,sunset) values('2025-12-28','7:22:01','16:58:33
INSERT INTO sun (dt,sunrise,sunset) values('2025-12-29','7:22:16','16:59:16
INSERT INTO sun (dt,sunrise,sunset) values('2025-12-30','7:22:29','17:00:00
INSERT INTO sun (dt,sunrise,sunset) values('2025-12-31','7:22:40','17:00:46
INSERT INTO sun (dt,sunrise,sunset) values('2026-01-01','7:22:49','17:01:33
